Codigo;qtd
8880;18
8881;28
8939;4
8940;1
8952;20
8953;72
8970;92
8972;28
8974;21
8980;17
8982;63
8986;89
8990;50
8993;12
9012;75
9016;10
9033;68
9036;41
9044;30
9047;28
9049;60
9061;88
9071;38
9075;12
9078;60
9080;15
9117;20
9170;35
9173;10
9177;32
9178;10
9203;30
9204;1
9213;3
9214;1
9345;1
9456;40
9461;10
9462;81
9472;48
9480;20
9483;6
9487;6
9491;72
9493;35
9494;60
9500;50
9505;91
9507;10
9525;80
9528;20
9532;1
9536;1
9542;60
9545;36
9550;60
9552;1
9556;1
9557;1
9562;30
9565;28
9567;40
9568;10
9570;40
9572;45
9573;25
9574;10
9575;4
9633;72
9636;23
9687;8
9804;47
9840;2
9865;30
9891;55
9894;2
9897;50
9898;55
9931;31
9944;6
9947;11
9949;1
9950;10
9973;35
9976;5
9984;20
9991;80
9992;1
9995;90
9996;35
9997;60
9998;4
9999;6
10000;6
10001;51
10005;39
10052;40
10107;60
10124;75
12644;70
13682;11
16108;4
16487;50
16491;8
16492;12
16493;15
16495;1
16496;4
16497;4
16498;15
16499;36
16501;5
16503;15
16504;30
16505;12
16507;29
16514;49
16515;54
16518;53
16522;63
16524;10
16526;66
16528;64
16530;52
16531;73
16534;3
16555;12
16560;30
16573;1
16574;1
16575;1
16578;1
16587;21
16590;6
16593;4
16596;5
16599;8
16608;37
16612;60
16615;24
16616;53
16621;29
16623;8
16625;21
16626;18
16627;60
16628;33
16630;2
16632;24
16633;11
16638;18
16639;15
16640;13
16641;15
16642;10
16643;91
16645;18
16646;8
16647;10
16648;15
16651;6
16653;30
16660;15
16661;18
16662;42
16663;15
16666;42
16667;30
16669;30
16670;15
16671;15
16672;15
16674;15
16679;30
16686;15
16687;30
16694;14
16697;12
16699;18
16703;42
16707;14
16712;18
16714;88
16717;15
16721;15
16723;15
16724;30
16726;15
16727;15
16737;15
16740;18
16742;23
16746;10
16749;20
16756;14
16762;10
16797;24
16799;20
16800;5
16801;23
16803;18
16807;20
17594;12
17595;37
17597;91
17598;1
17599;15
17600;12
17603;20
17605;30
17607;15
17608;25
17610;21
17611;7
17613;3
17614;14
17616;72
17618;3
17622;21
17623;1
17624;50
17625;1
17630;21
17631;20
17636;25
17637;5
17639;22
17640;12
17641;16
17644;5
17648;40
17650;31
17651;30
17652;29
17653;63
17659;4
17661;2
17663;48
17664;6
17665;6
17666;52
17667;7
17668;60
17669;20
17670;1
17671;78
17672;4
17673;50
17674;50
17675;3
17676;16
17677;88
17678;16
17682;24
17683;93
17687;73
17688;86
17690;24
17691;16
17694;49
17695;48
17696;47
17698;24
17701;24
17702;3
17703;3
17711;31
17712;5
17716;34
17718;25
17719;95
17723;3
17726;1
17728;36
17731;60
17734;35
17735;25
17736;1
17737;49
17738;2
17742;11
17743;49
17744;1
17745;40
17746;17
17747;19
17748;26
17752;72
17754;12
17759;45
17761;51
17762;11
17768;65
17770;6
17771;8
17772;52
17775;26
17776;67
17777;63
17779;16
17780;1
19451;10
21242;30
22135;1
22149;70
22151;8
22153;5
22154;5
22155;20
22156;13
22158;6
22160;24
22162;3
22166;15
22167;30
22169;19
22170;22
22171;20
22172;14
22173;30
22174;15
22186;13
22189;12
22203;2
22206;12
22210;6
22214;12
22216;11
22223;6
22227;24
22229;24
22234;20
22235;36
22237;88
22238;88
22247;24
22248;8
22253;4
22255;7
22265;24
22267;24
22271;60
22273;18
22279;36
22280;30
22300;24
22302;24
22318;24
22342;25
22352;3
22355;36
22357;60
22358;12
22361;6
22366;8
22369;84
22370;26
22371;24
22375;24
22376;12
22377;48
22378;8
22379;12
22381;48
22382;3
22383;12
22388;10
22390;24
22394;6
22401;1
22402;36
22403;1
22408;2
22412;70
22422;46
22423;25
22427;37
22437;9
22441;3
22442;24
22446;2
22450;20
22455;6
22456;80
23277;6
24067;70
24907;20
25506;200
26717;24
26928;200
28718;4
28719;27
28721;1
28722;25
28724;6
28726;9
28727;1
28728;2
28729;4
28731;6
28733;1
28734;4
28737;4
28739;1
28741;25
28743;4
28745;1
28746;1
28747;1
28749;8
28754;1
28762;1
28763;28
28764;4
28767;36
28770;2
28774;4
28776;36
28777;1
28778;1
28779;4
28780;1
28781;1
28783;1
28784;1
28785;3
28786;1
28787;1
28790;1
28791;80
28793;4
28795;24
28801;35
28803;24
28806;10
28810;24
28812;24
28813;24
28814;24
28815;24
28816;24
28817;24
28818;24
28820;24
28821;24
28822;24
28824;24
28825;24
28826;24
28827;24
28830;30
28831;24
28832;24
28833;24
28836;24
28837;24
28839;24
28841;24
28842;24
28843;24
28844;24
28845;24
28848;24
28849;24
28850;24
28851;24
28852;24
28853;24
28854;48
28855;24
28856;24
28857;24
28858;24
28859;24
28862;24
28863;60
28865;70
28873;24
28874;24
28875;24
28876;24
28877;24
28878;5
28880;24
28881;24
28882;100
28883;24
28890;5
28891;5
28893;10
28894;20
28897;80
28900;35
28901;35
28905;3
28919;3
28921;1
28923;10
28924;2
28925;2
28926;1
28929;36
28930;3
28931;5
28932;50
28948;72
28978;72
28979;10
28984;60
28986;24
28987;10
28988;10
28989;25
28992;4
28995;40
28998;21
29000;5
29007;1
29009;20
29010;20
29011;35
29012;90
29013;5
29014;90
29015;35
29016;1
29034;24
29038;60
29053;23
29058;37
29064;38
29078;10
29079;80
29080;40
29088;50
29097;30
29106;72
29108;48
29109;30
29111;72
29133;12
29137;10
29140;72
29163;20
29168;30
29170;44
29172;2
29173;40
29176;52
29177;90
29178;20
29179;32
29180;1
29183;1
29187;55
29196;70
29198;24
29201;24
29205;5
29206;3
29207;1
29243;10
29245;15
29246;25
29247;10
29248;7
29331;42
29335;4
29344;130
29369;1
29384;2
29435;30
29456;40
29476;12
29526;48
29527;24
29545;5
29551;40
29553;10
29559;1
29563;1
29566;50
29567;20
29597;1
29599;30
29600;50
29633;90
29634;20
29635;12
29643;36
29655;61
29677;96
29678;96
29679;72
29680;72
29752;30
29796;48
29802;36
29803;36
29804;60
29805;30
29807;48
29808;30
29811;1
29813;2
29814;30
29815;5
29819;1
29828;15
29830;15
29832;50
29846;30
29857;80
29859;20
29861;30
29866;70
29867;70
29870;40
29875;70
29880;1
29881;2
29882;2
29883;20
29898;14
29900;12
29901;18
29902;54
29903;14
29904;14
29905;32
29906;14
29907;14
29908;15
29909;13
29910;12
29912;14
29913;32
29914;12
29915;12
29916;32
29917;1
29918;14
29919;12
29920;80
29921;60
29922;40
29923;24
29924;56
29925;14
29926;32
29927;80
29929;32
29930;80
29931;9
29933;30
29934;28
29935;15
29936;28
29937;26
29940;59
29941;48
29943;1
29947;59
29948;59
29949;35
29950;47
29951;59
29952;59
29953;59
29954;59
29955;60
29956;60
29957;60
29964;76
29968;1
29970;52
29974;21
29978;76
29980;52
29982;40
29983;10
29986;10
29987;52
29991;14
29992;35
29993;30
29994;52
29995;40
29998;60
29999;20
30002;2
30003;2
30004;2
30008;5
30009;30
30014;20
30016;10
30030;18000
30036;80
30038;70
30039;50
30042;24
30044;80
30045;36
30061;30
30068;80
30073;79
30083;80
30085;54
30086;14
30097;36
30117;1
30121;1
30122;75
30123;75
30124;75
30125;75
30126;1
30131;1
30151;160
30164;18
30177;24
30180;12
30182;30
30184;5
30186;24
30188;24
30189;24
30192;12
30193;12
30199;12
30200;60
30201;24
30206;12
30207;12
30208;12
30209;36
30210;12
30211;12
30212;12
30214;24
30215;12
30216;24
30217;12
30219;24
30220;48
30221;48
30222;12
30223;24
30225;12
30227;24
30228;12
30229;12
30230;12
30231;48
30232;48
30233;12
30234;24
30235;36
30236;24
30237;12
30238;12
30239;12
30240;12
30241;12
30242;12
30243;12
30244;24
30245;24
30246;24
30247;24
30248;24
30249;24
30250;24
30251;24
30252;24
30253;24
30254;48
30255;12
30256;24
30257;24
30258;12
30259;24
30260;12
30261;12
30263;12
30264;48
30265;24
30266;24
30267;12
30268;24
30270;12
30273;24
30274;12
30275;40
30276;24
30277;12
30278;24
30283;12
30284;12
30285;12
30287;36
30288;36
30289;12
30291;12
30295;12
30296;12
30297;12
30298;12
30299;12
30300;1
30301;36
30303;24
30305;12
30310;12
30312;84
30313;80
30314;80
30315;24
30316;80
30317;30
30321;10
30323;48
30324;70
30325;10
30326;10
30327;10
30330;30
30331;72
30334;39
30336;80
30338;12
30339;30
30340;12
30341;70
30342;12
30344;12
30349;40
30350;35
30351;35
30355;35
30357;35
30359;23
30361;28
30370;40
30371;15
30383;16
30389;40
30391;35
30511;10
30545;10
30546;10
30547;16
30564;50
30575;50
30586;1
30594;50
30598;35
30600;25
30601;84
30606;20
30608;50
30616;12
30624;6
30632;40
30634;4
30637;30
30638;10
30639;60
30640;24
30649;24
30650;24
30651;24
30652;24
30653;24
30654;12
30655;12
30656;24
30657;24
30658;24
30659;72
30661;12
30662;12
30663;12
30664;12
30665;12
30666;24
30668;36
30669;36
30670;24
30671;24
30672;24
30673;48
30674;24
30676;48
30677;24
30679;12
30680;12
30681;24
30682;24
30683;24
30684;24
30686;72
30687;24
30688;36
30689;24
30690;24
30691;12
30692;24
30693;36
30694;12
30695;12
30696;24
30697;36
30698;24
30699;48
30700;24
30701;24
30702;24
30703;48
30704;48
30706;48
30707;36
30709;48
30711;12
30712;24
30715;24
30716;24
30718;24
30719;24
30720;24
30722;24
30723;24
30724;12
30725;12
30727;12
30728;24
30730;24
30731;48
30733;24
30734;48
30735;24
30736;48
30737;24
30738;24
30739;12
30740;12
30741;12
30742;12
30743;12
30744;12
30745;12
30746;24
30747;2
30795;15
30797;15
30798;10
30799;10
30800;10
30811;41
30814;42
30816;76
30821;1
30823;25
30826;10
30827;20
30828;15
30829;1
30830;2
30832;3
30850;60
30851;28
30852;60
30853;60
30855;30
30856;10
30859;36
30860;1
30870;24
30873;9
30875;36
30892;50
30967;40
30992;50
30994;10
30996;80
31001;10
31005;36
31011;80
31041;72
31044;60
31063;12
31136;12
31138;80
31140;25
31141;12
31142;25
31143;70
31144;40
31145;40
31146;32
31147;40
31148;20
31149;48
31151;20
31154;24
31156;40
31157;40
31158;80
31160;80
31161;60
31163;20
31164;60
31165;24
31166;60
31167;10
31169;40
31170;40
31173;50
31174;45
31175;40
31177;65
31183;24
31185;36
31187;50
31188;30
31191;20
31194;40
31195;46
31196;40
31199;50
31201;47
31202;30
31205;28
31212;65
31213;72
31214;72
31215;65
31218;30
31220;65
31222;40
31228;40
31230;40
31231;20
31232;20
31234;40
31235;45
31237;25
31238;40
31239;80
31246;46
31247;40
31248;25
31249;20
31250;20
31251;72
31252;20
31253;55
31254;40
31255;72
31256;40
31257;65
31258;65
31259;65
31260;20
31261;40
31262;50
31263;18
31264;50
31265;50
31266;20
31267;46
31293;96
31315;48
31319;72
31328;72
31333;12
31336;12
31337;12
31340;12
31387;208
31389;80
31391;86
31392;12
31393;1
31408;10
31412;5
31454;30
31456;30
31458;30
31459;30
31460;30
31461;30
31462;30
31463;30
31464;30
31465;30
31466;30
31467;30
31469;30
31470;30
31471;30
31472;30
31473;30
31474;30
31475;30
31476;30
31477;30
31478;30
31510;1
31527;12
31658;20
31659;20
31660;20
31661;29
31662;29
31663;29
31664;29
31665;29
31666;29
31750;72
31752;72
31753;60
31755;50
31756;40
31757;40
31758;50
31759;40
31760;50
31761;40
31763;50
31861;50
31862;40
31863;50
31864;16
31865;16
31866;60
31867;50
31868;16
31869;50
31870;60
31871;16
31873;16
31886;12
31888;12
31890;12
31891;12
31892;12
31893;12
31894;12
31895;12
31896;24
31897;12
31898;12
31899;20
31900;20
31901;15
31902;15
31903;15
31904;15
31905;12
31906;12
31907;12
31908;12
31909;12
31910;12
31911;18
31912;12
31913;18
31914;12
31915;15
31916;15
31917;12
31918;15
31919;18
31920;15
31921;15
31922;12
31923;12
31924;12
31925;12
31926;18
31927;18
31928;12
31929;12
31930;18
31931;18
31932;18
31933;18
31935;18
31937;18
31938;18
31939;18
31941;12
31942;24
31943;18
31944;18
31945;18
31946;8
31947;8
31948;8
31949;6
31950;6
31951;6
31952;8
31953;8
31954;8
31955;6
31956;6
31957;6
31958;6
31959;6
31960;6
31961;6
31962;12
31963;12
31964;12
31965;20
31966;15
31967;20
31968;10
31969;15
31970;20
31971;15
31980;24
31981;24
31983;48
31985;36
31986;32
31987;72
31988;48
31989;12
31990;12
31991;36
32005;1
32014;1
32020;1
32021;13
32023;30
32024;48
32025;48
32026;40
32027;40
32028;40
32029;25
32030;25
32032;60
32034;50
32035;40
32036;50
32038;20
32040;25
32041;20
32043;100
32044;1
32048;16
32049;60
32050;50
32100;108
32102;10
32103;64
32104;8
32105;24
32106;48
32107;80
32109;48
32110;10
32111;12
32112;48
32113;18
32114;36
32115;24
32116;18
32117;96
32118;96
32119;72
32120;12
32121;96
32122;96
32123;10
32124;10
32125;10
32126;24
32127;8
32128;8
32129;10
32130;10
32131;12
32132;24
32133;24
32134;60
32135;24
32136;24
32137;18
32138;120
32139;224
32140;20
32141;20
32148;1
32209;1
32213;1
32214;1
32215;1